"Date & Time","Temp - C","Hum - %","Wind Speed - km/h","Wind Direction","Barometer - hPa","Rain - mm","Rain Rate - mm","Solar Rad - W/m^2","ET - mm"
"1/1/19 00:00","7.7","45.0","16.1","NNW","990.9","0.0","0.0","0","0.10"
"1/1/19 01:00","7.1","50.0","14.5","NNW","990.3","0.0","0.0","0","0.08"
"1/1/19 02:00","7.5","46.0","17.7","NNW","991.5","0.0","0.0","0","0.10"
"1/1/19 03:00","7.4","46.0","14.5","NNW","990.8","0.0","0.0","0","0.08"
"1/1/19 04:00","7.4","49.0","14.5","NNW","991.0","0.0","0.0","0","0.08"
"1/1/19 05:00","7.4","48.0","12.9","NNW","990.6","0.0","0.0","0","0.08"
"1/1/19 06:00","7.4","48.0","14.5","NNW","991.2","0.0","0.0","0","0.08"
"1/1/19 07:00","7.7","44.0","14.5","NNW","991.5","0.0","0.0","0","0.08"
"1/1/19 08:00","7.4","44.0","12.9","NNW","990.9","0.0","0.0","3","0.08"
"1/1/19 09:00","8.1","39.0","11.3","NW","993.1","0.0","0.0","39","0.08"
"1/1/19 10:00","8.8","37.0","12.9","NNW","991.1","0.0","0.0","196","0.18"
"1/1/19 11:00","9.7","34.0","17.7","NW","990.5","0.0","0.0","294","0.25"
"1/1/19 12:00","10.5","30.0","17.7","NNW","989.5","0.0","0.0","345","0.28"
"1/1/19 13:00","11.1","30.0","16.1","NNW","988.7","0.0","0.0","348","0.28"
"1/1/19 14:00","12.5","28.0","14.5","N","987.9","0.0","0.0","302","0.25"
"1/1/19 15:00","12.5","25.0","8.0","N","987.6","0.0","0.0","206","0.18"
"1/1/19 16:00","10.1","36.0","9.7","NW","982.2","0.0","0.0","86","0.13"
"1/1/19 17:00","8.2","42.0","6.4","S","977.5","0.0","0.0","19","0.05"
"1/1/19 18:00","5.6","50.0","3.2","ESE","975.6","0.0","0.0","0","0.03"
"1/1/19 19:00","4.6","50.0","4.8","E","977.4","0.0","0.0","0","0.05"
"1/1/19 20:00","3.9","53.0","4.8","ESE","979.2","0.0","0.0","0","0.05"
"1/1/19 21:00","3.7","53.0","4.8","ESE","981.8","0.0","0.0","0","0.05"
"1/1/19 22:00","3.3","54.0","4.8","ESE","981.7","0.0","0.0","0","0.05"
"1/1/19 23:00","3.3","54.0","4.8","ESE","983.0","0.0","0.0","0","0.03"
"2/1/19 00:00","3.5","56.0","3.2","SE","983.9","0.0","0.0","0","0.03"
"2/1/19 01:00","3.4","60.0","3.2","E","984.1","0.0","0.0","0","0.03"
"2/1/19 02:00","4.4","61.0","3.2","SSE","988.0","0.0","0.0","0","0.03"
"2/1/19 03:00","4.7","61.0","4.8","S","988.0","0.0","0.0","0","0.03"
"2/1/19 04:00","6.1","59.0","4.8","SE","987.4","0.0","0.0","0","0.03"
"2/1/19 05:00","6.4","62.0","1.6","SE","985.2","0.0","0.0","0","0.03"
"2/1/19 06:00","6.1","65.0","1.6","ESE","982.9","0.0","0.0","0","0.03"
"2/1/19 07:00","6.8","63.0","1.6","S","982.7","0.0","0.0","0","0.03"
"2/1/19 08:00","6.2","65.0","1.6","ENE","981.2","0.0","0.0","1","0.00"
"2/1/19 09:00","5.2","64.0","3.2","NE","979.7","0.0","0.0","18","0.03"
"2/1/19 10:00","4.4","66.0","1.6","WNW","982.5","0.0","0.0","99","0.05"
"2/1/19 11:00","6.2","61.0","3.2","S","975.8","0.0","0.0","211","0.10"
"2/1/19 12:00","7.3","60.0","3.2","NNW","975.9","0.0","0.0","304","0.15"
"2/1/19 13:00","7.2","55.0","14.5","NNE","969.4","0.0","0.0","110","0.10"
"2/1/19 14:00","7.3","53.0","11.3","NE","974.2","0.0","0.0","153","0.13"
"2/1/19 15:00","6.8","46.0","16.1","NNE","976.9","0.0","0.0","138","0.13"
"2/1/19 16:00","6.9","44.0","11.3","NNW","982.2","0.0","0.0","98","0.10"
"2/1/19 17:00","5.8","48.0","8.0","NNW","973.3","0.0","0.0","17","0.05"
"2/1/19 18:00","5.7","43.0","8.0","NE","974.2","0.0","0.0","0","0.05"
"2/1/19 19:00","5.8","38.0","12.9","NE","977.5","0.0","0.0","0","0.08"
"2/1/19 20:00","5.2","44.0","12.9","NE","978.3","0.0","0.0","0","0.08"
"2/1/19 21:00","5.7","36.0","16.1","N","982.0","0.0","0.0","0","0.10"
"2/1/19 22:00","4.9","39.0","9.7","NE","981.1","0.0","0.0","0","0.08"
"2/1/19 23:00","4.4","43.0","8.0","N","980.1","0.0","0.0","0","0.05"
"3/1/19 00:00","4.6","42.0","8.0","N","981.9","0.0","0.0","0","0.05"
"3/1/19 01:00","4.4","42.0","11.3","NE","983.9","0.0","0.0","0","0.08"
"3/1/19 02:00","4.1","36.0","8.0","NE","982.2","0.0","0.0","0","0.08"
"3/1/19 03:00","2.9","38.0","4.8","NE","981.0","0.0","0.0","0","0.05"
"3/1/19 04:00","3.6","39.0","6.4","NE","985.0","0.0","0.0","0","0.05"
"3/1/19 05:00","2.3","41.0","6.4","NE","980.9","0.0","0.0","0","0.05"
"3/1/19 06:00","2.1","45.0","4.8","NE","982.9","0.0","0.0","0","0.05"
"3/1/19 07:00","2.6","44.0","8.0","NE","986.0","0.0","0.0","0","0.05"
"3/1/19 08:00","0.2","53.0","4.8","ENE","982.6","0.0","0.0","4","0.03"
"3/1/19 09:00","-0.2","73.0","4.8","SE","987.2","0.0","0.0","24","0.03"
"3/1/19 10:00","0.2","70.0","3.2","WSW","989.5","0.0","0.0","60","0.03"
"3/1/19 11:00","2.1","60.0","4.8","S","992.3","0.0","0.0","130","0.05"
"3/1/19 12:00","3.5","47.0","8.0","NNW","989.3","0.0","0.0","180","0.10"
"3/1/19 13:00","4.1","43.0","11.3","N","989.7","0.0","0.0","195","0.13"
"3/1/19 14:00","4.3","40.0","11.3","NNE","989.8","0.2","0.0","242","0.15"
"3/1/19 15:00","4.1","36.0","11.3","N","989.9","0.0","0.0","206","0.15"
"3/1/19 16:00","3.8","30.0","14.5","NNW","987.1","0.0","0.0","71","0.10"
"3/1/19 17:00","2.8","32.0","12.9","N","979.7","0.0","0.0","11","0.08"
"3/1/19 18:00","1.8","36.0","4.8","NE","978.7","0.0","0.0","0","0.03"
"3/1/19 19:00","-0.4","43.0","3.2","NE","978.2","0.0","0.0","0","0.03"
"3/1/19 20:00","-0.7","43.0","1.6","ENE","980.4","0.0","0.0","0","0.03"
"3/1/19 21:00","-1.8","49.0","1.6","E","982.6","0.0","0.0","0","0.03"
"3/1/19 22:00","-2.2","52.0","3.2","E","985.7","0.0","0.0","0","0.03"
"3/1/19 23:00","-1.7","51.0","3.2","SE","987.3","0.0","0.0","0","0.03"
"4/1/19 00:00","-2.7","56.0","3.2","E","987.6","0.0","0.0","0","0.03"
"4/1/19 01:00","-0.9","57.0","4.8","E","994.2","0.0","0.0","0","0.03"
"4/1/19 02:00","-1.4","60.0","4.8","S","990.6","0.0","0.0","0","0.03"
"4/1/19 03:00","-1.3","61.0","3.2","ESE","992.3","0.0","0.0","0","0.03"
"4/1/19 04:00","-1.8","71.0","4.8","NW","991.9","0.0","0.0","0","0.03"
"4/1/19 05:00","-1.4","74.0","1.6","N","993.2","0.0","0.0","0","0.03"
"4/1/19 06:00","-1.9","76.0","3.2","S","990.5","0.0","0.0","0","0.03"
"4/1/19 07:00","-3.3","77.0","3.2","E","986.9","0.0","0.0","0","0.00"
"4/1/19 08:00","-2.5","76.0","3.2","ESE","989.1","0.0","0.0","1","0.00"
"4/1/19 09:00","-2.7","73.0","3.2","E","992.0","0.0","0.0","18","0.03"
"4/1/19 10:00","-0.3","68.0","1.6","ESE","993.5","0.0","0.0","154","0.05"
"4/1/19 11:00","-0.6","70.0","1.6","WSW","992.2","0.2","0.0","122","0.05"
"4/1/19 12:00","0.6","65.0","1.6","ESE","996.2","0.0","0.0","156","0.05"
"4/1/19 13:00","-0.6","75.0","1.6","E","990.2","0.0","0.0","36","0.03"
"4/1/19 14:00","0.6","71.0","6.4","NNW","990.5","0.2","0.0","184","0.08"
"4/1/19 15:00","-0.1","67.0","6.4","ESE","984.5","0.2","0.0","62","0.05"
"4/1/19 16:00","1.0","62.0","3.2","ESE","995.4","0.0","0.0","64","0.03"
"4/1/19 17:00","0.2","65.0","1.6","SSW","986.9","0.0","0.0","22","0.03"
"4/1/19 18:00","-1.7","72.0","3.2","ESE","984.2","0.0","0.0","0","0.00"
"4/1/19 19:00","-1.5","71.0","3.2","ESE","986.5","0.0","0.0","0","0.03"
"4/1/19 20:00","-2.4","71.0","3.2","ESE","985.5","0.0","0.0","0","0.03"
"4/1/19 21:00","-2.9","70.0","3.2","ESE","986.3","0.0","0.0","0","0.03"
"4/1/19 22:00","-4.2","73.0","4.8","E","985.9","0.0","0.0","0","0.03"
"4/1/19 23:00","-3.7","71.0","4.8","E","988.6","0.0","0.0","0","0.03"
"5/1/19 00:00","-3.9","72.0","4.8","E","989.6","0.0","0.0","0","0.03"
"5/1/19 01:00","-3.9","72.0","3.2","ESE","990.2","0.0","0.0","0","0.03"
"5/1/19 02:00","-3.1","71.0","4.8","SE","992.2","0.0","0.0","0","0.03"
"5/1/19 03:00","-3.1","70.0","3.2","E","990.1","0.0","0.0","0","0.03"
"5/1/19 04:00","-4.1","73.0","3.2","E","990.0","0.0","0.0","0","0.03"
"5/1/19 05:00","-3.8","72.0","1.6","ESE","989.7","0.0","0.0","0","0.00"
"5/1/19 06:00","-3.3","71.0","3.2","ESE","990.1","0.0","0.0","0","0.03"
"5/1/19 07:00","-4.1","72.0","4.8","E","988.7","0.0","0.0","0","0.03"
"5/1/19 08:00","-3.4","72.0","3.2","ESE","989.9","0.0","0.0","2","0.00"
"5/1/19 09:00","-3.6","73.0","1.6","ENE","992.2","0.0","0.0","46","0.03"
"5/1/19 10:00","-1.1","67.0","1.6","S","988.9","0.0","0.0","165","0.05"
"5/1/19 11:00","-0.1","66.0","3.2","N","988.7","0.0","0.0","292","0.10"
"5/1/19 12:00","2.9","61.0","1.6","NNW","987.4","0.0","0.0","366","0.13"
"5/1/19 13:00","3.9","57.0","1.6","NW","983.7","0.0","0.0","273","0.10"
"5/1/19 14:00","5.3","56.0","1.6","NNE","985.1","0.0","0.0","219","0.10"
"5/1/19 15:00","5.4","55.0","1.6","NE","978.2","0.0","0.0","120","0.05"
"5/1/19 16:00","5.3","59.0","1.6","W","978.1","0.0","0.0","40","0.03"
"5/1/19 17:00","5.0","61.0","3.2","ESE","978.6","0.0","0.0","16","0.03"
"5/1/19 18:00","4.7","63.0","3.2","ESE","979.8","0.0","0.0","0","0.03"
"5/1/19 19:00","4.6","65.0","3.2","E","980.9","0.0","0.0","0","0.03"
"5/1/19 20:00","4.9","64.0","4.8","ESE","982.9","0.0","0.0","0","0.03"
"5/1/19 21:00","5.1","63.0","4.8","E","983.7","0.0","0.0","0","0.03"
"5/1/19 22:00","5.1","63.0","1.6","WNW","983.4","0.0","0.0","0","0.03"
"5/1/19 23:00","4.0","68.0","1.6","SSE","981.7","0.0","0.0","0","0.03"
"6/1/19 00:00","3.1","69.0","3.2","ESE","978.3","0.0","0.0","0","0.03"
"6/1/19 01:00","2.1","70.0","3.2","E","978.3","0.0","0.0","0","0.03"
"6/1/19 02:00","1.1","72.0","3.2","E","977.9","0.0","0.0","0","0.03"
"6/1/19 03:00","0.2","75.0","1.6","ESE","978.5","0.0","0.0","0","0.03"
"6/1/19 04:00","0.1","75.0","3.2","ESE","979.8","0.0","0.0","0","0.03"
"6/1/19 05:00","-0.7","77.0","3.2","ENE","980.0","0.0","0.0","0","0.03"
"6/1/19 06:00","-1.5","77.0","1.6","SSW","979.9","0.0","0.0","0","0.00"
"6/1/19 07:00","-1.9","77.0","3.2","SE","980.7","0.0","0.0","0","0.00"
"6/1/19 08:00","-1.8","76.0","3.2","ESE","982.0","0.0","0.0","2","0.00"
"6/1/19 09:00","-0.4","77.0","3.2","ESE","986.4","0.0","0.0","20","0.00"
"6/1/19 10:00","1.7","71.0","1.6","N","985.5","0.0","0.0","178","0.08"
"6/1/19 11:00","2.3","70.0","3.2","N","985.6","0.0","0.0","286","0.10"
"6/1/19 12:00","4.1","65.0","1.6","NW","985.1","0.0","0.0","342","0.13"
"6/1/19 13:00","6.3","60.0","1.6","NNW","984.6","0.0","0.0","352","0.15"
"6/1/19 14:00","7.3","57.0","3.2","NNW","984.2","0.0","0.0","316","0.15"
"6/1/19 15:00","7.6","59.0","3.2","NW","985.5","0.0","0.0","117","0.08"
"6/1/19 16:00","7.8","58.0","1.6","SSW","982.5","0.0","0.0","69","0.05"
"6/1/19 17:00","4.7","65.0","1.6","SSW","970.9","0.0","0.0","15","0.03"
"6/1/19 18:00","3.2","68.0","4.8","E","969.3","0.0","0.0","0","0.03"
"6/1/19 19:00","2.7","67.0","4.8","ESE","972.1","0.0","0.0","0","0.03"
"6/1/19 20:00","2.1","68.0","4.8","ESE","974.0","0.0","0.0","0","0.03"
"6/1/19 21:00","1.9","67.0","3.2","ENE","976.9","0.0","0.0","0","0.03"
"6/1/19 22:00","0.4","74.0","3.2","SE","976.6","0.0","0.0","0","0.03"
"6/1/19 23:00","0.7","69.0","3.2","ESE","979.9","0.0","0.0","0","0.03"
"7/1/19 00:00","-0.3","70.0","3.2","E","980.5","0.0","0.0","0","0.03"
"7/1/19 01:00","-0.4","72.0","3.2","E","981.7","0.0","0.0","0","0.03"
"7/1/19 02:00","-1.3","76.0","1.6","E","981.3","0.0","0.0","0","0.03"
"7/1/19 03:00","-1.2","78.0","3.2","SE","984.5","0.0","0.0","0","0.03"
"7/1/19 04:00","-1.3","74.0","3.2","SE","985.0","0.0","0.0","0","0.03"
"7/1/19 05:00","-2.3","75.0","3.2","ENE","984.7","0.0","0.0","0","0.03"
"7/1/19 06:00","-2.6","79.0","3.2","ESE","983.5","0.0","0.0","0","0.00"
"7/1/19 07:00","-2.4","76.0","1.6","E","985.5","0.0","0.0","0","0.00"
"7/1/19 08:00","-3.1","74.0","3.2","ENE","986.1","0.0","0.0","2","0.00"
"7/1/19 09:00","-3.5","81.0","1.6","ENE","989.4","0.0","0.0","34","0.03"
"7/1/19 10:00","-0.3","77.0","3.2","SSW","990.4","0.0","0.0","193","0.08"
"7/1/19 11:00","2.5","72.0","4.8","SW","989.9","0.0","0.0","292","0.10"
"7/1/19 12:00","1.2","77.0","6.4","N","989.3","0.0","0.0","347","0.15"
"7/1/19 13:00","4.4","65.0","8.0","SE","989.5","0.0","0.0","348","0.15"
"7/1/19 14:00","6.7","56.0","6.4","WSW","989.2","0.0","0.0","310","0.15"
"7/1/19 15:00","7.9","53.0","4.8","S","989.3","0.0","0.0","204","0.10"
"7/1/19 16:00","8.2","47.0","3.2","WSW","989.8","0.0","0.0","82","0.05"
"7/1/19 17:00","4.9","59.0","1.6","WSW","980.5","0.0","0.0","14","0.03"
"7/1/19 18:00","3.3","62.0","4.8","E","977.1","0.0","0.0","0","0.03"
"7/1/19 19:00","3.3","55.0","3.2","SE","980.1","0.0","0.0","0","0.03"
"7/1/19 20:00","2.8","61.0","3.2","ESE","981.0","0.0","0.0","0","0.03"
"7/1/19 21:00","1.1","65.0","1.6","N","980.3","0.0","0.0","0","0.03"
"7/1/19 22:00","0.0","64.0","4.8","ESE","983.0","0.0","0.0","0","0.03"
"7/1/19 23:00","1.1","61.0","3.2","SE","985.8","0.0","0.0","0","0.03"
"8/1/19 00:00","1.0","59.0","4.8","E","987.9","0.0","0.0","0","0.03"
"8/1/19 01:00","-0.3","67.0","1.6","E","985.9","0.0","0.0","0","0.03"
"8/1/19 02:00","1.1","58.0","3.2","E","989.0","0.0","0.0","0","0.03"
"8/1/19 03:00","-1.4","71.0","3.2","NE","986.2","0.0","0.0","0","0.03"
"8/1/19 04:00","-2.3","73.0","3.2","ESE","985.1","0.0","0.0","0","0.03"
"8/1/19 05:00","-2.3","74.0","3.2","ESE","986.7","0.0","0.0","0","0.03"
"8/1/19 06:00","-0.1","67.0","4.8","ESE","991.7","0.0","0.0","0","0.03"
"8/1/19 07:00","-0.4","71.0","3.2","E","991.1","0.0","0.0","0","0.03"
"8/1/19 08:00","-2.1","74.0","3.2","SSW","986.9","0.0","0.0","5","0.00"
"8/1/19 09:00","-0.6","72.0","1.6","SE","990.4","0.0","0.0","29","0.03"
"8/1/19 10:00","-0.9","73.0","1.6","NNW","993.2","0.0","0.0","96","0.03"
"8/1/19 11:00","5.2","67.0","3.2","SE","991.3","0.0","0.0","253","0.10"
"8/1/19 12:00","2.4","71.0","6.4","N","981.2","0.0","0.0","183","0.10"
"8/1/19 13:00","6.2","65.0","3.2","ENE","987.9","0.0","0.0","160","0.08"
"8/1/19 14:00","9.5","57.0","4.8","S","989.6","0.0","0.0","185","0.10"
"8/1/19 15:00","9.6","57.0","17.7","SSW","980.6","0.0","0.0","203","0.18"
"8/1/19 16:00","9.0","58.0","12.9","SSW","976.5","0.0","0.0","91","0.10"
"8/1/19 17:00","8.4","58.0","4.8","SSW","974.2","0.0","0.0","12","0.03"
"8/1/19 18:00","7.2","63.0","3.2","ESE","972.9","0.0","0.0","0","0.03"
"8/1/19 19:00","7.7","62.0","3.2","ENE","974.4","0.0","0.0","0","0.03"
"8/1/19 20:00","7.4","64.0","3.2","E","975.4","0.0","0.0","0","0.03"
"8/1/19 21:00","7.7","66.0","3.2","SE","976.9","0.0","0.0","0","0.03"
"8/1/19 22:00","7.0","68.0","3.2","S","974.3","0.0","0.0","0","0.03"
"8/1/19 23:00","6.3","69.0","1.6","ESE","972.6","0.0","0.0","0","0.03"
"9/1/19 00:00","6.3","67.0","3.2","E","972.1","0.0","0.0","0","0.03"
"9/1/19 01:00","5.2","70.0","3.2","E","970.7","0.0","0.0","0","0.03"
"9/1/19 02:00","5.3","69.0","3.2","SE","970.4","0.0","0.0","0","0.03"
"9/1/19 03:00","3.8","74.0","3.2","NE","968.7","0.0","0.0","0","0.03"
"9/1/19 04:00","3.2","75.0","1.6","WNW","968.8","0.0","0.0","0","0.03"
"9/1/19 05:00","3.2","77.0","3.2","ESE","969.8","0.0","0.0","0","0.03"
"9/1/19 06:00","3.4","76.0","1.6","ESE","970.8","0.0","0.0","0","0.03"
"9/1/19 07:00","3.3","77.0","1.6","N","970.1","0.0","0.0","0","0.03"
"9/1/19 08:00","3.5","79.0","3.2","ESE","969.4","0.0","0.0","1","0.00"
"9/1/19 09:00","3.8","78.0","1.6","ENE","970.7","0.0","0.0","40","0.03"
"9/1/19 10:00","4.8","73.0","6.4","S","973.5","0.0","0.0","101","0.05"
"9/1/19 11:00","6.1","69.0","3.2","WSW","967.9","0.0","0.0","209","0.10"
"9/1/19 12:00","6.4","66.0","3.2","S","968.4","0.0","0.0","162","0.08"
"9/1/19 13:00","7.9","61.0","4.8","SSW","967.1","0.0","0.0","264","0.13"
"9/1/19 14:00","8.8","56.0","3.2","SSW","963.3","0.0","0.0","248","0.13"
"9/1/19 15:00","9.8","34.0","4.8","NE","966.1","0.0","0.0","193","0.13"
"9/1/19 16:00","8.8","41.0","9.7","NNE","961.8","0.0","0.0","126","0.13"
"9/1/19 17:00","7.4","44.0","8.0","NE","956.1","0.0","0.0","22","0.05"
"9/1/19 18:00","5.7","53.0","9.7","N","954.1","0.0","0.0","0","0.05"
"9/1/19 19:00","4.6","57.0","4.8","NNW","954.6","0.0","0.0","0","0.05"
"9/1/19 20:00","4.3","54.0","4.8","NE","958.2","0.0","0.0","0","0.05"
"9/1/19 21:00","1.8","60.0","4.8","NE","956.7","0.0","0.0","0","0.03"
"9/1/19 22:00","3.2","56.0","3.2","E","962.8","0.0","0.0","0","0.03"
"9/1/19 23:00","3.3","57.0","3.2","ESE","965.7","0.0","0.0","0","0.03"
"10/1/19 00:00","3.2","58.0","3.2","E","967.1","0.0","0.0","0","0.03"
"10/1/19 01:00","3.0","66.0","4.8","E","967.6","0.2","0.0","0","0.03"
"10/1/19 02:00","2.2","70.0","3.2","NE","966.4","0.6","2.0","0","0.03"
"10/1/19 03:00","1.3","73.0","4.8","E","965.8","0.8","3.6","0","0.03"
"10/1/19 04:00","1.2","73.0","1.6","ESE","966.5","0.0","0.0","0","0.03"
"10/1/19 05:00","1.4","71.0","1.6","E","967.3","0.0","0.0","0","0.03"
"10/1/19 06:00","2.6","62.0","4.8","NW","969.5","0.0","0.0","0","0.03"
"10/1/19 07:00","4.2","47.0","9.7","NNW","972.4","0.0","0.0","0","0.05"
"10/1/19 08:00","4.2","47.0","11.3","NNW","973.4","0.0","0.0","2","0.05"
"10/1/19 09:00","4.1","50.0","9.7","NNW","973.2","0.0","0.0","18","0.05"
"10/1/19 10:00","4.8","47.0","9.7","NNW","976.4","0.0","0.0","78","0.08"
"10/1/19 11:00","5.3","46.0","9.7","N","976.6","0.0","0.0","106","0.08"
"10/1/19 12:00","6.1","51.0","11.3","NNW","981.4","0.0","0.0","229","0.15"
"10/1/19 13:00","4.2","58.0","17.7","NNW","965.2","0.0","0.0","174","0.15"
"10/1/19 14:00","4.9","51.0","8.0","NNW","972.4","0.0","0.0","137","0.10"
"10/1/19 15:00","4.6","52.0","8.0","NNW","969.4","0.0","0.0","76","0.08"
"10/1/19 16:00","4.9","48.0","9.7","N","971.1","0.0","0.0","96","0.08"
"10/1/19 17:00","3.3","60.0","4.8","NNE","970.3","0.0","0.0","20","0.03"
"10/1/19 18:00","2.3","67.0","6.4","N","969.3","0.0","0.0","0","0.03"
"10/1/19 19:00","1.7","70.0","4.8","NNW","970.2","0.0","0.0","0","0.03"
"10/1/19 20:00","0.8","74.0","3.2","ENE","970.7","0.0","0.0","0","0.03"
"10/1/19 21:00","1.1","72.0","3.2","N","973.1","0.0","0.0","0","0.03"
"10/1/19 22:00","0.7","74.0","4.8","NNE","974.2","0.0","0.0","0","0.03"
"10/1/19 23:00","0.6","75.0","3.2","WNW","975.9","0.0","0.0","0","0.03"
"11/1/19 00:00","0.6","76.0","1.6","SSE","976.5","0.0","0.0","0","0.03"
"11/1/19 01:00","0.3","74.0","1.6","SSE","975.5","0.0","0.0","0","0.03"
"11/1/19 02:00","-0.3","74.0","3.2","E","975.4","0.0","0.0","0","0.03"
"11/1/19 03:00","0.1","71.0","3.2","ESE","977.1","0.0","0.0","0","0.03"
"11/1/19 04:00","0.7","72.0","3.2","E","979.8","0.0","0.0","0","0.03"
"11/1/19 05:00","-0.2","72.0","1.6","E","978.4","0.0","0.0","0","0.03"
"11/1/19 06:00","0.3","72.0","3.2","E","978.0","0.0","0.0","0","0.03"
"11/1/19 07:00","-0.8","73.0","3.2","E","977.2","0.0","0.0","0","0.03"
"11/1/19 08:00","-1.0","73.0","3.2","NE","978.3","0.0","0.0","4","0.00"
"11/1/19 09:00","1.1","71.0","1.6","E","984.6","0.0","0.0","61","0.03"
"11/1/19 10:00","2.9","65.0","3.2","S","981.6","0.0","0.0","234","0.10"
"11/1/19 11:00","3.9","60.0","3.2","SW","981.6","0.0","0.0","284","0.13"
"11/1/19 12:00","4.8","57.0","9.7","NNW","977.0","0.0","0.0","203","0.13"
"11/1/19 13:00","5.3","54.0","11.3","NNW","978.9","0.0","0.0","155","0.13"
"11/1/19 14:00","5.3","52.0","12.9","NNW","977.6","0.0","0.0","173","0.13"
"11/1/19 15:00","5.7","42.0","6.4","NE","978.6","0.0","0.0","71","0.08"
"11/1/19 16:00","5.9","42.0","6.4","NE","983.5","0.0","0.0","66","0.08"
"11/1/19 17:00","4.3","45.0","8.0","NNE","974.5","0.0","0.0","15","0.05"
"11/1/19 18:00","3.6","47.0","6.4","NNE","973.8","0.0","0.0","0","0.03"
"11/1/19 19:00","2.9","49.0","3.2","N","974.6","0.0","0.0","0","0.05"
"11/1/19 20:00","2.0","53.0","4.8","S","976.2","0.0","0.0","0","0.03"
"11/1/19 21:00","0.6","58.0","3.2","SSE","976.2","0.0","0.0","0","0.03"
"11/1/19 22:00","1.2","55.0","3.2","SE","979.3","0.0","0.0","0","0.03"
"11/1/19 23:00","-0.1","61.0","3.2","ENE","978.0","0.0","0.0","0","0.03"
"12/1/19 00:00","-0.8","62.0","3.2","ESE","978.4","0.0","0.0","0","0.03"
"12/1/19 01:00","-1.2","62.0","4.8","SE","980.0","0.0","0.0","0","0.03"
"12/1/19 02:00","-2.4","65.0","3.2","SE","979.3","0.0","0.0","0","0.03"
"12/1/19 03:00","-2.7","66.0","3.2","ENE","979.6","0.0","0.0","0","0.03"
"12/1/19 04:00","-3.3","66.0","3.2","E","980.2","0.0","0.0","0","0.03"
"12/1/19 05:00","-3.9","68.0","3.2","E","979.9","0.0","0.0","0","0.03"
"12/1/19 06:00","-4.1","69.0","3.2","ESE","981.4","0.0","0.0","0","0.03"
"12/1/19 07:00","-4.7","70.0","3.2","E","981.0","0.0","0.0","0","0.03"
"12/1/19 08:00","-4.6","72.0","3.2","ENE","981.8","0.0","0.0","2","0.00"
"12/1/19 09:00","-3.8","72.0","3.2","E","985.5","0.0","0.0","24","0.03"
"12/1/19 10:00","-0.9","65.0","1.6","NE","984.4","0.0","0.0","212","0.08"
"12/1/19 11:00","0.9","60.0","1.6","WNW","984.8","0.0","0.0","294","0.10"
"12/1/19 12:00","2.8","55.0","1.6","NW","984.2","0.0","0.0","364","0.13"
"12/1/19 13:00","4.3","44.0","1.6","SSW","983.3","0.0","0.0","370","0.15"
"12/1/19 14:00","5.1","45.0","3.2","NW","983.1","0.0","0.0","320","0.15"
"12/1/19 15:00","6.4","41.0","1.6","WNW","982.8","0.0","0.0","224","0.10"
"12/1/19 16:00","6.4","39.0","1.6","S","982.7","0.0","0.0","97","0.05"
"12/1/19 17:00","3.3","49.0","1.6","S","975.0","0.0","0.0","17","0.03"
"12/1/19 18:00","1.4","57.0","4.8","E","970.8","0.0","0.0","0","0.03"
"12/1/19 19:00","1.4","55.0","3.2","ESE","973.1","0.0","0.0","0","0.03"
"12/1/19 20:00","0.7","57.0","3.2","ESE","974.6","0.0","0.0","0","0.03"
"12/1/19 21:00","1.1","53.0","3.2","SSE","976.9","0.0","0.0","0","0.03"
"12/1/19 22:00","0.7","54.0","3.2","ESE","978.6","0.0","0.0","0","0.03"
"12/1/19 23:00","1.1","50.0","4.8","ESE","980.2","0.0","0.0","0","0.03"
"13/1/19 00:00","1.3","53.0","3.2","ENE","980.6","0.0","0.0","0","0.03"
"13/1/19 01:00","0.8","59.0","3.2","ESE","980.2","0.0","0.0","0","0.03"
"13/1/19 02:00","2.6","60.0","6.4","ESE","984.3","0.0","0.0","0","0.03"
"13/1/19 03:00","2.8","63.0","4.8","ESE","983.2","0.0","0.0","0","0.03"
"13/1/19 04:00","2.6","58.0","4.8","SE","981.4","0.0","0.0","0","0.03"
"13/1/19 05:00","2.8","61.0","3.2","ESE","982.0","0.0","0.0","0","0.03"
"13/1/19 06:00","3.4","58.0","4.8","SSE","982.3","0.0","0.0","0","0.03"
"13/1/19 07:00","4.2","58.0","3.2","ESE","981.9","0.0","0.0","0","0.03"
"13/1/19 08:00","4.2","55.0","6.4","E","980.5","0.0","0.0","1","0.03"
"13/1/19 09:00","5.1","56.0","4.8","SSE","982.4","0.0","0.0","52","0.05"
"13/1/19 10:00","5.9","56.0","4.8","SE","982.5","0.0","0.0","87","0.05"
"13/1/19 11:00","7.6","53.0","1.6","N","984.9","0.0","0.0","166","0.08"
"13/1/19 12:00","5.7","61.0","4.8","NNW","977.5","0.0","0.0","105","0.08"
"13/1/19 13:00","7.9","54.0","3.2","NNW","982.8","0.0","0.0","223","0.10"
"13/1/19 14:00","10.4","48.0","3.2","NNW","975.9","0.0","0.0","328","0.18"
"13/1/19 15:00","10.6","50.0","4.8","WNW","975.9","0.0","0.0","234","0.13"
"13/1/19 16:00","11.0","48.0","3.2","NNW","975.3","0.0","0.0","105","0.08"
"13/1/19 17:00","9.0","53.0","1.6","N","965.2","0.0","0.0","29","0.03"
"13/1/19 18:00","6.6","62.0","3.2","ESE","962.1","0.0","0.0","0","0.03"
"13/1/19 19:00","5.8","62.0","3.2","E","963.0","0.0","0.0","0","0.03"
"13/1/19 20:00","5.5","63.0","3.2","E","965.0","0.0","0.0","0","0.03"
"13/1/19 21:00","4.8","65.0","4.8","ESE","965.6","0.0","0.0","0","0.03"
"13/1/19 22:00","4.9","65.0","4.8","SE","968.6","0.0","0.0","0","0.03"
"13/1/19 23:00","5.3","65.0","4.8","E","971.7","0.0","0.0","0","0.03"
"14/1/19 00:00","5.1","66.0","3.2","E","971.3","0.0","0.0","0","0.03"
"14/1/19 01:00","5.9","64.0","3.2","E","973.6","0.0","0.0","0","0.03"
"14/1/19 02:00","6.4","62.0","1.6","E","973.4","0.0","0.0","0","0.03"
"14/1/19 03:00","6.7","62.0","1.6","ENE","972.2","0.0","0.0","0","0.03"
"14/1/19 04:00","6.4","61.0","3.2","SE","971.9","0.0","0.0","0","0.03"
"14/1/19 05:00","6.3","62.0","3.2","ENE","970.3","0.0","0.0","0","0.03"
"14/1/19 06:00","6.6","62.0","3.2","SE","970.2","0.0","0.0","0","0.03"
"14/1/19 07:00","6.2","68.0","3.2","E","967.6","0.0","0.0","0","0.03"
"14/1/19 08:00","6.9","65.0","4.8","ESE","968.5","0.0","0.0","0","0.03"
"14/1/19 09:00","6.6","67.0","4.8","SSE","969.0","0.0","0.0","11","0.03"
"14/1/19 10:00","9.0","60.0","1.6","E","976.4","0.0","0.0","91","0.05"
"14/1/19 11:00","8.7","63.0","3.2","NW","961.9","0.0","0.0","164","0.10"
"14/1/19 12:00","9.5","62.0","3.2","NNE","965.2","0.0","0.0","126","0.08"
"14/1/19 13:00","11.5","54.0","1.6","WNW","968.5","0.0","0.0","221","0.13"
"14/1/19 14:00","11.8","54.0","6.4","NNW","969.7","0.0","0.0","239","0.15"
"14/1/19 15:00","12.3","52.0","8.0","NNW","968.4","0.0","0.0","242","0.18"
"14/1/19 16:00","12.1","51.0","8.0","NNW","968.6","0.0","0.0","101","0.10"
"14/1/19 17:00","10.4","55.0","3.2","SW","960.8","0.0","0.0","19","0.03"
"14/1/19 18:00","7.3","50.0","4.8","E","955.1","0.0","0.0","0","0.03"
"14/1/19 19:00","8.4","38.0","4.8","E","958.9","0.0","0.0","0","0.05"
"14/1/19 20:00","5.4","48.0","3.2","SSE","957.4","0.0","0.0","0","0.05"
"14/1/19 21:00","4.8","52.0","3.2","SE","960.4","0.0","0.0","0","0.05"
"14/1/19 22:00","4.7","49.0","3.2","E","963.4","0.0","0.0","0","0.03"
"14/1/19 23:00","2.2","57.0","3.2","E","962.2","0.0","0.0","0","0.03"
"15/1/19 00:00","2.7","51.0","3.2","E","965.7","0.0","0.0","0","0.03"
"15/1/19 01:00","1.3","63.0","1.6","ENE","966.6","0.0","0.0","0","0.03"
"15/1/19 02:00","0.9","59.0","3.2","ESE","968.8","0.0","0.0","0","0.03"
"15/1/19 03:00","1.3","58.0","3.2","E","972.6","0.0","0.0","0","0.03"
"15/1/19 04:00","0.3","64.0","3.2","E","973.1","0.0","0.0","0","0.03"
"15/1/19 05:00","0.9","61.0","3.2","E","975.3","0.0","0.0","0","0.03"
"15/1/19 06:00","-0.6","66.0","3.2","ESE","974.1","0.0","0.0","0","0.03"
"15/1/19 07:00","0.3","63.0","3.2","ENE","977.1","0.0","0.0","0","0.03"
"15/1/19 08:00","0.3","65.0","3.2","E","978.2","0.0","0.0","3","0.00"
"15/1/19 09:00","-0.7","68.0","3.2","ENE","979.9","0.0","0.0","25","0.03"
"15/1/19 10:00","5.4","53.0","4.8","SSE","982.8","0.0","0.0","206","0.10"
"15/1/19 11:00","5.3","54.0","6.4","SW","983.6","0.0","0.0","320","0.15"
"15/1/19 12:00","7.6","47.0","3.2","N","983.7","0.0","0.0","371","0.18"
"15/1/19 13:00","8.9","42.0","3.2","N","983.6","0.0","0.0","377","0.20"
"15/1/19 14:00","9.8","36.0","3.2","NNW","983.6","0.0","0.0","335","0.18"
"15/1/19 15:00","10.6","32.0","3.2","NNE","983.6","0.0","0.0","246","0.15"
"15/1/19 16:00","10.7","32.0","3.2","WSW","983.4","0.0","0.0","106","0.08"
"15/1/19 17:00","6.8","43.0","1.6","WSW","980.3","0.0","0.0","18","0.03"
"15/1/19 18:00","4.6","46.0","4.8","E","972.5","0.0","0.0","0","0.03"
"15/1/19 19:00","4.1","46.0","4.8","E","974.7","0.0","0.0","0","0.05"
"15/1/19 20:00","4.2","43.0","4.8","E","977.5","0.0","0.0","0","0.05"
"15/1/19 21:00","3.8","43.0","8.0","S","979.8","0.0","0.0","0","0.05"
"15/1/19 22:00","3.3","44.0","6.4","E","981.2","0.0","0.0","0","0.05"
"15/1/19 23:00","4.8","38.0","8.0","ESE","985.2","0.0","0.0","0","0.05"
"16/1/19 00:00","2.9","45.0","4.8","ESE","983.0","0.0","0.0","0","0.05"
"16/1/19 01:00","3.1","45.0","4.8","ESE","985.0","0.0","0.0","0","0.05"
"16/1/19 02:00","3.2","46.0","4.8","ESE","985.6","0.0","0.0","0","0.05"
"16/1/19 03:00","2.7","47.0","4.8","ESE","986.2","0.0","0.0","0","0.05"
"16/1/19 04:00","2.9","47.0","4.8","ESE","986.3","0.0","0.0","0","0.05"
"16/1/19 05:00","2.4","49.0","4.8","ESE","986.2","0.0","0.0","0","0.05"
"16/1/19 06:00","3.7","47.0","6.4","E","988.4","0.0","0.0","0","0.05"
"16/1/19 07:00","3.6","47.0","4.8","ESE","987.8","0.0","0.0","0","0.05"
"16/1/19 08:00","4.1","47.0","4.8","ESE","989.3","0.0","0.0","2","0.03"
"16/1/19 09:00","5.6","48.0","4.8","ESE","992.8","0.0","0.0","23","0.03"
"16/1/19 10:00","8.8","44.0","3.2","SSW","988.5","0.0","0.0","208","0.10"
"16/1/19 11:00","10.4","45.0","1.6","SSW","988.7","0.0","0.0","316","0.15"
"16/1/19 12:00","11.1","47.0","11.3","SSW","987.7","0.0","0.0","380","0.25"
"16/1/19 13:00","11.8","47.0","16.1","SSW","986.9","0.0","0.0","391","0.28"
"16/1/19 14:00","12.1","47.0","16.1","SSW","986.5","0.0","0.0","340","0.25"
"16/1/19 15:00","12.2","47.0","12.9","SSW","988.0","0.0","0.0","185","0.18"
"16/1/19 16:00","11.2","47.0","14.5","S","977.7","0.0","0.0","123","0.15"
"16/1/19 17:00","10.6","47.0","11.3","S","977.0","0.0","0.0","16","0.08"
"16/1/19 18:00","10.1","52.0","6.4","S","978.0","0.0","0.0","0","0.05"
"16/1/19 19:00","9.1","54.0","3.2","SSW","977.7","0.0","0.0","0","0.05"
"16/1/19 20:00","8.4","57.0","4.8","SSE","978.4","0.0","0.0","0","0.05"
"16/1/19 21:00","6.1","63.0","3.2","ESE","975.8","0.0","0.0","0","0.03"
"16/1/19 22:00","5.1","66.0","4.8","E","975.8","0.0","0.0","0","0.03"
"16/1/19 23:00","4.6","67.0","4.8","E","977.7","0.0","0.0","0","0.03"
"17/1/19 00:00","4.3","66.0","4.8","E","979.6","0.0","0.0","0","0.03"
"17/1/19 01:00","4.1","67.0","6.4","E","981.1","0.0","0.0","0","0.03"
"17/1/19 02:00","3.4","67.0","6.4","E","981.7","0.0","0.0","0","0.03"
"17/1/19 03:00","3.6","65.0","6.4","E","982.8","0.0","0.0","0","0.03"
"17/1/19 04:00","4.8","61.0","4.8","E","984.0","0.0","0.0","0","0.03"
"17/1/19 05:00","5.4","60.0","3.2","SE","985.0","0.0","0.0","0","0.03"
"17/1/19 06:00","5.2","58.0","3.2","ESE","983.9","0.0","0.0","0","0.03"
"17/1/19 07:00","5.0","59.0","3.2","SSE","985.9","0.0","0.0","0","0.03"
"17/1/19 08:00","6.2","57.0","4.8","SE","987.6","0.0","0.0","1","0.03"
"17/1/19 09:00","7.6","55.0","4.8","ESE","988.8","0.0","0.0","32","0.03"
"17/1/19 10:00","8.9","49.0","3.2","E","982.7","0.0","0.0","118","0.08"
"17/1/19 11:00","10.4","47.0","4.8","S","980.7","0.0","0.0","181","0.13"
"17/1/19 12:00","11.6","44.0","12.9","S","982.9","0.0","0.0","171","0.15"
"17/1/19 13:00","11.8","44.0","16.1","S","983.7","0.0","0.0","159","0.18"
"17/1/19 14:00","12.3","44.0","9.7","S","983.3","0.0","0.0","130","0.13"
"17/1/19 15:00","12.1","46.0","17.7","S","978.7","0.0","0.0","168","0.20"
"17/1/19 16:00","11.7","47.0","16.1","S","976.1","0.0","0.0","102","0.15"
"17/1/19 17:00","11.2","49.0","12.9","S","974.9","0.0","0.0","17","0.08"
"17/1/19 18:00","9.8","55.0","11.3","SSE","971.7","0.0","0.0","0","0.05"
"17/1/19 19:00","10.7","52.0","12.9","S","976.6","0.0","0.0","0","0.08"
"17/1/19 20:00","9.4","60.0","4.8","S","974.3","0.0","0.0","0","0.05"
"17/1/19 21:00","8.0","69.0","1.6","SW","973.1","0.4","0.0","0","0.03"
"17/1/19 22:00","8.3","67.0","4.8","W","975.0","0.0","0.0","0","0.03"
"17/1/19 23:00","8.7","62.0","4.8","S","975.9","0.0","0.0","0","0.03"
"18/1/19 00:00","8.3","65.0","6.4","SSW","977.2","0.0","0.0","0","0.05"
"18/1/19 01:00","8.4","66.0","6.4","SSE","977.2","0.2","0.0","0","0.03"
"18/1/19 02:00","7.8","70.0","12.9","SSE","976.8","1.8","4.2","0","0.05"
"18/1/19 03:00","8.1","69.0","4.8","SSE","977.2","1.6","5.4","0","0.03"
"18/1/19 04:00","8.7","66.0","6.4","S","977.9","0.4","0.0","0","0.03"
"18/1/19 05:00","9.1","63.0","11.3","SSW","978.1","0.0","0.0","0","0.05"
"18/1/19 06:00","9.4","61.0","12.9","S","978.5","0.0","0.0","0","0.05"
"18/1/19 07:00","9.7","60.0","12.9","S","978.7","0.0","0.0","0","0.08"
"18/1/19 08:00","9.8","59.0","8.0","S","978.2","0.0","0.0","1","0.05"
"18/1/19 09:00","9.8","60.0","9.7","S","978.0","0.0","0.0","23","0.05"
"18/1/19 10:00","9.0","65.0","6.4","SSE","975.9","0.8","3.2","30","0.05"
"18/1/19 11:00","9.8","61.0","4.8","SE","978.2","0.0","0.0","61","0.05"
"18/1/19 12:00","8.9","67.0","4.8","SSW","976.6","0.4","1.0","42","0.05"
"18/1/19 13:00","9.7","63.0","4.8","S","978.9","0.4","3.6","83","0.05"
"18/1/19 14:00","11.4","54.0","9.7","SSE","980.2","0.0","0.0","268","0.18"
"18/1/19 15:00","11.3","52.0","9.7","S","970.6","0.0","0.0","190","0.15"
"18/1/19 16:00","11.4","49.0","11.3","SSE","972.8","0.0","0.0","124","0.13"
"18/1/19 17:00","10.1","51.0","12.9","SSE","968.3","0.0","0.0","40","0.08"
"18/1/19 18:00","7.6","59.0","4.8","S","964.2","0.0","0.0","1","0.03"
"18/1/19 19:00","6.3","62.0","3.2","ESE","964.2","0.0","0.0","0","0.03"
"18/1/19 20:00","4.7","66.0","4.8","E","965.2","0.0","0.0","0","0.03"
"18/1/19 21:00","4.6","67.0","4.8","ESE","968.3","0.0","0.0","0","0.03"
"18/1/19 22:00","5.4","66.0","3.2","ESE","972.8","0.0","0.0","0","0.03"
"18/1/19 23:00","5.5","66.0","4.8","E","973.4","0.0","0.0","0","0.03"
"19/1/19 00:00","4.4","68.0","3.2","ESE","972.6","0.0","0.0","0","0.03"
"19/1/19 01:00","3.1","72.0","3.2","E","972.6","0.0","0.0","0","0.03"
"19/1/19 02:00","3.2","69.0","3.2","E","974.3","0.0","0.0","0","0.03"
"19/1/19 03:00","3.8","71.0","4.8","E","976.2","0.0","0.0","0","0.03"
"19/1/19 04:00","3.3","71.0","3.2","ENE","976.2","0.0","0.0","0","0.03"
"19/1/19 05:00","2.2","72.0","3.2","E","974.2","0.0","0.0","0","0.03"
"19/1/19 06:00","2.7","70.0","1.6","ENE","976.3","0.0","0.0","0","0.03"
"19/1/19 07:00","2.9","70.0","3.2","NE","977.5","0.0","0.0","0","0.03"
"19/1/19 08:00","1.4","74.0","1.6","E","975.3","0.0","0.0","6","0.00"
"19/1/19 09:00","2.8","73.0","1.6","ENE","980.6","0.0","0.0","72","0.03"
"19/1/19 10:00","5.3","68.0","3.2","N","982.7","0.0","0.0","224","0.10"
"19/1/19 11:00","5.8","68.0","3.2","NNW","979.9","0.0","0.0","306","0.13"
"19/1/19 12:00","7.7","64.0","3.2","NNW","978.3","0.0","0.0","344","0.15"
"19/1/19 13:00","8.0","63.0","6.4","NNW","974.3","0.0","0.0","287","0.15"
"19/1/19 14:00","8.3","61.0","4.8","NNW","971.5","0.0","0.0","174","0.10"
"19/1/19 15:00","8.8","54.0","3.2","N","972.8","0.0","0.0","133","0.08"
"19/1/19 16:00","8.7","57.0","1.6","W","973.5","0.0","0.0","92","0.05"
"19/1/19 17:00","7.8","60.0","1.6","W","970.8","0.0","0.0","21","0.03"
"19/1/19 18:00","7.3","63.0","0.0","--","971.1","0.0","0.0","0","0.00"
"19/1/19 19:00","6.8","67.0","1.6","S","971.2","0.0","0.0","0","0.03"
"19/1/19 20:00","6.2","69.0","3.2","E","972.4","0.0","0.0","0","0.03"
"19/1/19 21:00","5.8","69.0","3.2","ESE","972.9","0.0","0.0","0","0.03"
"19/1/19 22:00","5.4","70.0","1.6","E","973.9","0.0","0.0","0","0.03"
"19/1/19 23:00","5.1","72.0","1.6","NW","975.1","0.0","0.0","0","0.03"
"20/1/19 00:00","4.7","73.0","1.6","S","975.3","0.0","0.0","0","0.03"
"20/1/19 01:00","4.7","73.0","1.6","N","975.4","0.0","0.0","0","0.03"
"20/1/19 02:00","3.6","75.0","1.6","NE","973.1","0.0","0.0","0","0.03"
"20/1/19 03:00","2.9","77.0","1.6","NE","973.3","0.0","0.0","0","0.03"
"20/1/19 04:00","2.2","76.0","1.6","ENE","972.5","0.0","0.0","0","0.03"
"20/1/19 05:00","1.9","79.0","1.6","SE","974.4","0.0","0.0","0","0.00"
"20/1/19 06:00","1.7","81.0","1.6","SE","974.8","0.0","0.0","0","0.00"
"20/1/19 07:00","1.8","82.0","1.6","SE","976.2","0.0","0.0","0","0.00"
"20/1/19 08:00","1.9","82.0","1.6","SE","977.5","0.0","0.0","2","0.00"
"20/1/19 09:00","2.4","82.0","3.2","SE","979.4","0.0","0.0","31","0.03"
"20/1/19 10:00","3.1","82.0","1.6","N","981.5","0.0","0.0","75","0.03"
"20/1/19 11:00","3.9","81.0","1.6","NNE","984.3","0.0","0.0","150","0.05"
"20/1/19 12:00","4.2","80.0","3.2","WNW","983.6","0.0","0.0","156","0.08"
"20/1/19 13:00","5.3","76.0","1.6","SW","984.0","0.0","0.0","171","0.08"
"20/1/19 14:00","6.1","73.0","1.6","SSW","981.1","0.0","0.0","149","0.08"
"20/1/19 15:00","6.2","72.0","3.2","SSW","977.8","0.0","0.0","72","0.05"
"20/1/19 16:00","6.0","76.0","1.6","NNW","976.4","0.0","0.0","45","0.03"
"20/1/19 17:00","5.6","78.0","1.6","SSW","975.2","0.0","0.0","12","0.00"
"20/1/19 18:00","5.3","79.0","0.0","--","975.5","0.0","0.0","0","0.00"
"20/1/19 19:00","5.0","79.0","1.6","SSW","975.7","0.0","0.0","0","0.03"
"20/1/19 20:00","4.8","80.0","1.6","SSE","975.8","0.0","0.0","0","0.00"
"20/1/19 21:00","4.6","80.0","1.6","NE","975.9","0.0","0.0","0","0.00"
"20/1/19 22:00","4.7","80.0","0.0","--","976.8","0.0","0.0","0","0.00"
"20/1/19 23:00","4.7","80.0","0.0","--","977.2","0.0","0.0","0","0.00"
"21/1/19 00:00","4.1","81.0","3.2","NW","976.6","0.0","0.0","0","0.03"
"21/1/19 01:00","3.8","80.0","1.6","WNW","976.5","0.0","0.0","0","0.00"
"21/1/19 02:00","3.8","80.0","1.6","WNW","977.0","0.0","0.0","0","0.00"
"21/1/19 03:00","3.8","80.0","0.0","--","977.2","0.0","0.0","0","0.00"
"21/1/19 04:00","3.8","80.0","0.0","--","977.0","0.0","0.0","0","0.00"
"21/1/19 05:00","3.8","80.0","0.0","--","977.0","0.0","0.0","0","0.00"
"21/1/19 06:00","3.8","81.0","0.0","--","977.1","0.0","0.0","0","0.00"
"21/1/19 07:00","3.8","81.0","1.6","WNW","977.3","0.0","0.0","0","0.00"
"21/1/19 08:00","3.8","81.0","1.6","W","977.4","0.0","0.0","1","0.00"
"21/1/19 09:00","3.8","81.0","0.0","--","978.2","0.0","0.0","15","0.00"
"21/1/19 10:00","3.9","81.0","1.6","W","979.0","0.0","0.0","37","0.03"
"21/1/19 11:00","4.3","79.0","1.6","WSW","981.8","0.0","0.0","106","0.05"
"21/1/19 12:00","4.7","79.0","1.6","W","980.8","0.0","0.0","89","0.05"
"21/1/19 13:00","5.3","77.0","1.6","W","983.0","0.0","0.0","154","0.08"
"21/1/19 14:00","5.6","76.0","3.2","SSW","980.2","0.0","0.0","126","0.05"
"21/1/19 15:00","5.7","76.0","1.6","SSW","978.1","0.0","0.0","73","0.03"
"21/1/19 16:00","5.7","76.0","1.6","NNW","977.1","0.0","0.0","55","0.03"
"21/1/19 17:00","5.6","77.0","6.4","S","975.5","0.0","0.0","14","0.03"
"21/1/19 18:00","5.3","75.0","3.2","S","974.5","0.0","0.0","0","0.00"
"21/1/19 19:00","5.1","75.0","3.2","NW","973.7","0.0","0.0","0","0.03"
"21/1/19 20:00","5.2","75.0","3.2","N","974.5","0.0","0.0","0","0.03"
"21/1/19 21:00","4.4","78.0","3.2","S","973.9","0.0","0.0","0","0.03"
"21/1/19 22:00","4.3","78.0","1.6","S","973.8","0.0","0.0","0","0.03"
"21/1/19 23:00","4.1","79.0","3.2","SSW","973.7","0.0","0.0","0","0.03"
"22/1/19 00:00","3.8","79.0","1.6","SSW","973.5","0.0","0.0","0","0.03"
"22/1/19 01:00","3.7","79.0","3.2","S","973.4","0.0","0.0","0","0.03"
"22/1/19 02:00","3.7","78.0","4.8","S","973.0","0.0","0.0","0","0.03"
"22/1/19 03:00","3.4","78.0","6.4","SSW","972.3","0.0","0.0","0","0.03"
"22/1/19 04:00","3.4","78.0","6.4","SSW","972.0","0.0","0.0","0","0.03"
"22/1/19 05:00","3.4","77.0","3.2","SSE","971.4","0.0","0.0","0","0.03"
"22/1/19 06:00","3.6","75.0","3.2","SSE","971.4","0.0","0.0","0","0.03"
"22/1/19 07:00","3.8","74.0","4.8","NNE","971.0","0.0","0.0","0","0.03"
"22/1/19 08:00","4.3","70.0","6.4","NE","971.6","0.0","0.0","0","0.03"
"22/1/19 09:00","3.7","75.0","3.2","WNW","970.9","0.0","0.0","19","0.03"
"22/1/19 10:00","3.7","76.0","3.2","SSW","971.7","0.0","0.0","64","0.03"
"22/1/19 11:00","3.6","76.0","9.7","S","970.3","0.0","0.0","68","0.05"
"22/1/19 12:00","1.5","78.0","6.4","S","966.0","0.0","0.0","33","0.03"
"22/1/19 13:00","1.8","79.0","6.4","SSE","968.2","0.0","0.0","94","0.05"
"22/1/19 14:00","2.4","78.0","4.8","SSE","968.9","0.0","0.0","86","0.05"
"22/1/19 15:00","2.4","79.0","4.8","SSW","968.1","0.0","0.0","48","0.03"
"22/1/19 16:00","2.6","79.0","3.2","S","967.9","0.0","0.0","30","0.03"
"22/1/19 17:00","2.3","79.0","3.2","S","967.1","0.0","0.0","7","0.00"
"22/1/19 18:00","2.2","80.0","1.6","S","966.3","0.0","0.0","0","0.00"
"22/1/19 19:00","1.8","80.0","1.6","S","965.8","0.0","0.0","0","0.00"
"22/1/19 20:00","1.4","80.0","1.6","ESE","965.2","0.0","0.0","0","0.00"
"22/1/19 21:00","1.1","80.0","1.6","ESE","965.0","0.0","0.0","0","0.00"
"22/1/19 22:00","1.3","80.0","0.0","--","965.9","0.0","0.0","0","0.00"
"22/1/19 23:00","1.5","80.0","1.6","S","966.6","0.0","0.0","0","0.00"
"23/1/19 00:00","2.1","80.0","1.6","E","967.5","0.0","0.0","0","0.00"
"23/1/19 01:00","2.8","77.0","4.8","SE","968.0","0.0","0.0","0","0.03"
"23/1/19 02:00","2.8","76.0","1.6","NNW","967.3","0.0","0.0","0","0.03"
"23/1/19 03:00","2.7","77.0","1.6","NE","966.8","0.0","0.0","0","0.03"
"23/1/19 04:00","2.8","76.0","1.6","NE","966.3","0.0","0.0","0","0.03"
"23/1/19 05:00","3.2","75.0","1.6","ENE","966.3","0.0","0.0","0","0.03"
"23/1/19 06:00","2.9","76.0","3.2","ENE","965.6","0.0","0.0","0","0.03"
"23/1/19 07:00","3.0","75.0","1.6","NE","964.9","0.0","0.0","0","0.03"
"23/1/19 08:00","2.8","77.0","1.6","NE","964.6","0.0","0.0","7","0.00"
"23/1/19 09:00","3.5","76.0","1.6","E","967.1","0.0","0.0","55","0.03"
"23/1/19 10:00","4.9","68.0","1.6","ENE","963.9","0.0","0.0","185","0.08"
"23/1/19 11:00","6.6","63.0","1.6","E","962.2","0.0","0.0","279","0.13"
"23/1/19 12:00","7.5","56.0","11.3","SW","961.2","0.0","0.0","400","0.20"
"23/1/19 13:00","8.3","56.0","9.7","SSE","960.4","0.0","0.0","395","0.20"
"23/1/19 14:00","7.3","56.0","12.9","SSW","949.2","0.0","0.0","136","0.10"
"23/1/19 15:00","8.0","57.0","6.4","SSW","955.1","0.0","0.0","181","0.10"
"23/1/19 16:00","7.6","54.0","9.7","S","950.4","0.0","0.0","84","0.08"
"23/1/19 17:00","6.2","63.0","9.7","ESE","947.2","0.0","0.0","30","0.05"
"23/1/19 18:00","5.4","67.0","4.8","SSE","946.3","0.0","0.0","0","0.03"
"23/1/19 19:00","4.3","73.0","6.4","S","946.2","0.0","0.0","0","0.03"
"23/1/19 20:00","3.2","76.0","6.4","SW","944.4","0.0","0.0","0","0.03"
"23/1/19 21:00","3.4","73.0","4.8","S","947.0","0.0","0.0","0","0.03"
"23/1/19 22:00","3.8","72.0","4.8","SSE","948.4","0.0","0.0","0","0.03"
"23/1/19 23:00","2.6","75.0","3.2","E","946.8","0.0","0.0","0","0.03"
"24/1/19 00:00","2.5","77.0","1.6","ESE","948.9","0.0","0.0","0","0.03"
"24/1/19 01:00","3.2","75.0","3.2","ENE","951.5","0.0","0.0","0","0.03"
"24/1/19 02:00","1.6","77.0","3.2","ESE","947.8","0.0","0.0","0","0.03"
"24/1/19 03:00","0.8","78.0","3.2","E","946.7","0.0","0.0","0","0.03"
"24/1/19 04:00","0.4","78.0","3.2","ESE","946.6","0.0","0.0","0","0.03"
"24/1/19 05:00","-0.3","78.0","3.2","ESE","946.0","0.0","0.0","0","0.00"
"24/1/19 06:00","0.3","80.0","3.2","ENE","947.6","0.0","0.0","0","0.00"
"24/1/19 07:00","-0.2","80.0","3.2","NE","948.7","0.0","0.0","0","0.00"
"24/1/19 08:00","0.3","80.0","3.2","E","951.0","0.0","0.0","5","0.00"
"24/1/19 09:00","1.9","75.0","3.2","SE","955.1","0.0","0.0","52","0.03"
"24/1/19 10:00","4.1","66.0","4.8","NNW","959.9","0.0","0.0","110","0.05"
"24/1/19 11:00","6.8","58.0","6.4","NNW","966.4","0.0","0.0","161","0.10"
"24/1/19 12:00","7.7","57.0","8.0","NNW","965.4","0.0","0.0","174","0.10"
"24/1/19 13:00","8.2","51.0","8.0","N","964.2","0.0","0.0","177","0.13"
"24/1/19 14:00","8.2","54.0","8.0","NE","962.2","0.0","0.0","166","0.13"
"24/1/19 15:00","7.7","57.0","8.0","N","959.7","0.0","0.0","131","0.10"
"24/1/19 16:00","7.5","56.0","9.7","N","958.7","0.0","0.0","61","0.08"
"24/1/19 17:00","6.6","60.0","12.9","N","957.1","0.0","0.0","19","0.05"
"24/1/19 18:00","7.0","57.0","14.5","NNW","957.7","0.2","0.0","0","0.05"
"24/1/19 19:00","7.1","56.0","14.5","N","958.0","0.0","0.0","0","0.08"
"24/1/19 20:00","7.1","54.0","16.1","NE","958.5","0.0","0.0","0","0.08"
"24/1/19 21:00","7.0","53.0","17.7","N","958.5","0.0","0.0","0","0.08"
"24/1/19 22:00","6.7","55.0","11.3","N","958.0","0.0","0.0","0","0.05"
"24/1/19 23:00","6.4","56.0","14.5","NE","958.5","0.0","0.0","0","0.08"
"25/1/19 00:00","6.2","57.0","17.7","NNE","959.2","0.0","0.0","0","0.08"
"25/1/19 01:00","5.9","56.0","16.1","NE","958.8","0.0","0.0","0","0.08"
"25/1/19 02:00","6.1","51.0","16.1","NE","960.2","0.0","0.0","0","0.08"
"25/1/19 03:00","5.8","56.0","17.7","N","960.8","0.0","0.0","0","0.08"
"25/1/19 04:00","5.4","55.0","9.7","NNW","960.6","0.0","0.0","0","0.05"
"25/1/19 05:00","5.2","58.0","12.9","NNW","960.3","0.0","0.0","0","0.05"
"25/1/19 06:00","5.3","58.0","4.8","NE","961.2","0.0","0.0","0","0.03"
"25/1/19 07:00","5.6","55.0","14.5","NE","963.5","0.0","0.0","0","0.08"
"25/1/19 08:00","5.2","56.0","14.5","N","962.4","0.0","0.0","4","0.08"
"25/1/19 09:00","4.8","59.0","8.0","N","963.0","0.0","0.0","23","0.05"
"25/1/19 10:00","4.7","64.0","8.0","NNW","966.9","0.0","0.0","97","0.08"
"25/1/19 11:00","5.1","59.0","12.9","NNW","967.5","0.0","0.0","148","0.10"
"25/1/19 12:00","4.9","57.0","12.9","NNW","967.7","0.0","0.0","151","0.10"
"25/1/19 13:00","4.5","59.0","16.1","NNW","966.0","0.0","0.0","193","0.13"
"25/1/19 14:00","4.0","57.0","14.5","NNW","964.7","0.0","0.0","135","0.10"
"25/1/19 15:00","3.7","57.0","12.9","NNW","964.5","0.0","0.0","85","0.08"
"25/1/19 16:00","3.8","58.0","11.3","NNW","964.9","0.0","0.0","45","0.05"
"25/1/19 17:00","3.3","58.0","11.3","N","964.5","0.0","0.0","27","0.05"
"25/1/19 18:00","2.9","57.0","12.9","N","964.7","0.0","0.0","1","0.05"
"25/1/19 19:00","2.8","55.0","11.3","N","965.8","0.0","0.0","0","0.05"
"25/1/19 20:00","2.9","54.0","8.0","N","967.1","0.0","0.0","0","0.05"
"25/1/19 21:00","2.7","56.0","12.9","N","967.4","0.0","0.0","0","0.05"
"25/1/19 22:00","2.8","53.0","11.3","N","968.0","0.0","0.0","0","0.05"
"25/1/19 23:00","2.9","54.0","9.7","NE","969.5","0.0","0.0","0","0.05"
"26/1/19 00:00","2.8","56.0","11.3","NNE","969.9","0.0","0.0","0","0.05"
"26/1/19 01:00","2.4","58.0","12.9","NE","969.3","0.0","0.0","0","0.05"
"26/1/19 02:00","2.7","56.0","11.3","NNE","970.2","0.0","0.0","0","0.05"
"26/1/19 03:00","2.5","57.0","11.3","N","970.1","0.0","0.0","0","0.05"
"26/1/19 04:00","2.6","56.0","8.0","N","970.4","0.0","0.0","0","0.05"
"26/1/19 05:00","2.8","52.0","9.7","NE","971.2","0.0","0.0","0","0.05"
"26/1/19 06:00","1.6","55.0","4.8","NE","967.3","0.0","0.0","0","0.05"
"26/1/19 07:00","2.1","49.0","4.8","NE","969.3","0.0","0.0","0","0.03"
"26/1/19 08:00","1.6","53.0","3.2","SE","969.4","0.0","0.0","5","0.03"
"26/1/19 09:00","2.2","55.0","3.2","ESE","973.5","0.0","0.0","42","0.03"
"26/1/19 10:00","4.3","48.0","4.8","SSE","974.2","0.0","0.0","242","0.13"
"26/1/19 11:00","5.8","43.0","8.0","NNW","974.4","0.0","0.0","360","0.18"
"26/1/19 12:00","6.7","38.0","11.3","NNW","974.2","0.0","0.0","418","0.23"
"26/1/19 13:00","7.4","36.0","17.7","NW","974.2","0.0","0.0","424","0.28"
"26/1/19 14:00","7.9","36.0","16.1","NW","974.0","0.0","0.0","380","0.25"
"26/1/19 15:00","7.8","39.0","19.3","NW","974.1","0.0","0.0","254","0.23"
"26/1/19 16:00","7.8","37.0","17.7","NNW","972.2","0.0","0.0","141","0.18"
"26/1/19 17:00","6.4","43.0","6.4","NNW","966.5","0.0","0.0","47","0.08"
"26/1/19 18:00","3.8","50.0","4.8","ESE","962.7","0.0","0.0","1","0.03"
"26/1/19 19:00","2.9","51.0","4.8","E","963.9","0.0","0.0","0","0.05"
"26/1/19 20:00","2.9","49.0","6.4","ESE","966.5","0.0","0.0","0","0.05"
"26/1/19 21:00","1.7","56.0","4.8","ESE","967.4","0.0","0.0","0","0.05"
"26/1/19 22:00","1.7","56.0","4.8","ENE","968.5","0.0","0.0","0","0.03"
"26/1/19 23:00","0.9","57.0","3.2","ESE","968.4","0.0","0.0","0","0.03"
"27/1/19 00:00","2.2","51.0","4.8","SSE","971.7","0.0","0.0","0","0.03"
"27/1/19 01:00","1.8","52.0","4.8","ESE","972.4","0.0","0.0","0","0.03"
"27/1/19 02:00","1.9","50.0","4.8","SSE","973.1","0.0","0.0","0","0.03"
"27/1/19 03:00","1.4","57.0","3.2","ENE","972.9","0.0","0.0","0","0.03"
"27/1/19 04:00","-0.3","60.0","3.2","SE","969.6","0.0","0.0","0","0.03"
"27/1/19 05:00","-0.3","61.0","3.2","NE","971.0","0.0","0.0","0","0.03"
"27/1/19 06:00","-1.4","66.0","4.8","E","971.1","0.0","0.0","0","0.03"
"27/1/19 07:00","0.4","64.0","4.8","E","973.1","0.0","0.0","0","0.03"
"27/1/19 08:00","5.3","54.0","6.4","E","982.6","0.0","0.0","5","0.03"
"27/1/19 09:00","6.8","46.0","3.2","SE","980.5","0.0","0.0","51","0.05"
"27/1/19 10:00","8.0","48.0","4.8","SW","979.8","0.0","0.0","105","0.08"
"27/1/19 11:00","8.9","53.0","9.7","S","977.7","0.0","0.0","104","0.10"
"27/1/19 12:00","10.1","53.0","16.1","SSE","969.8","0.0","0.0","196","0.18"
"27/1/19 13:00","10.2","54.0","6.4","SW","967.7","0.0","0.0","87","0.08"
"27/1/19 14:00","9.8","62.0","16.1","S","966.3","0.0","0.0","88","0.10"
"27/1/19 15:00","9.8","63.0","19.3","SSW","966.1","0.0","0.0","104","0.13"
"27/1/19 16:00","9.7","64.0","22.5","S","965.6","0.0","0.0","74","0.13"
"27/1/19 17:00","10.1","60.0","22.5","S","965.9","0.0","0.0","26","0.10"
"27/1/19 18:00","10.1","58.0","16.1","S","966.4","0.0","0.0","1","0.08"
"27/1/19 19:00","9.1","63.0","9.7","S","963.4","0.0","0.0","0","0.05"
"27/1/19 20:00","9.0","61.0","6.4","S","962.9","0.0","0.0","0","0.05"
"27/1/19 21:00","7.7","68.0","6.4","N","962.5","0.0","0.0","0","0.05"
"27/1/19 22:00","7.7","68.0","3.2","ENE","962.3","0.4","0.0","0","0.03"
"27/1/19 23:00","8.2","65.0","11.3","S","963.1","0.8","1.8","0","0.05"
"28/1/19 00:00","7.8","67.0","6.4","SSE","961.8","0.2","0.0","0","0.03"
"28/1/19 01:00","8.9","62.0","9.7","S","964.5","0.0","0.0","0","0.05"
"28/1/19 02:00","8.8","62.0","12.9","S","963.1","0.0","0.0","0","0.05"
"28/1/19 03:00","9.2","59.0","12.9","SSE","964.2","0.0","0.0","0","0.05"
"28/1/19 04:00","8.7","60.0","11.3","S","962.2","0.0","0.0","0","0.05"
"28/1/19 05:00","7.9","63.0","4.8","S","959.7","0.0","0.0","0","0.03"
"28/1/19 06:00","7.5","63.0","8.0","SSE","956.6","0.0","0.0","0","0.05"
"28/1/19 07:00","6.7","68.0","6.4","SSE","957.2","0.2","0.0","0","0.03"
"28/1/19 08:00","6.3","68.0","1.6","E","957.0","0.4","1.8","7","0.03"
"28/1/19 09:00","6.7","69.0","1.6","E","958.8","1.2","8.4","29","0.03"
"28/1/19 10:00","4.7","72.0","4.8","SE","956.5","2.4","31.6","18","0.03"
"28/1/19 11:00","5.3","72.0","4.8","E","959.8","2.0","23.4","110","0.05"
"28/1/19 12:00","8.1","61.0","6.4","SSE","958.7","0.2","0.0","278","0.15"
"28/1/19 13:00","8.8","53.0","9.7","S","957.5","0.0","0.0","225","0.15"
"28/1/19 14:00","9.6","51.0","12.9","S","959.4","0.0","0.0","356","0.23"
"28/1/19 15:00","6.4","59.0","11.3","SE","944.8","0.0","0.0","68","0.08"
"28/1/19 16:00","4.8","68.0","8.0","SE","947.9","0.4","14.2","60","0.05"
"28/1/19 17:00","4.9","67.0","6.4","N","947.1","1.0","14.2","19","0.03"
"28/1/19 18:00","3.1","72.0","8.0","E","946.5","2.2","10.0","0","0.03"
"28/1/19 19:00","3.3","72.0","4.8","ESE","949.6","0.0","0.0","0","0.03"
"28/1/19 20:00","2.8","71.0","3.2","E","948.6","0.0","0.0","0","0.03"
"28/1/19 21:00","2.8","73.0","3.2","ESE","952.9","0.0","0.0","0","0.03"
"28/1/19 22:00","1.9","74.0","3.2","S","952.8","0.0","0.0","0","0.03"
"28/1/19 23:00","1.6","73.0","4.8","SE","953.6","0.0","0.0","0","0.03"
"29/1/19 00:00","0.7","76.0","3.2","ESE","954.3","0.0","0.0","0","0.03"
"29/1/19 01:00","0.0","76.0","1.6","SSE","955.3","0.0","0.0","0","0.03"
"29/1/19 02:00","0.2","81.0","3.2","NE","959.8","0.0","0.0","0","0.00"
"29/1/19 03:00","-0.2","82.0","1.6","ESE","961.4","0.0","0.0","0","0.00"
"29/1/19 04:00","-0.8","82.0","3.2","SE","961.6","0.0","0.0","0","0.00"
"29/1/19 05:00","-0.5","82.0","1.6","SSE","963.4","0.0","0.0","0","0.00"
"29/1/19 06:00","-0.4","82.0","1.6","SSE","964.7","0.0","0.0","0","0.00"
"29/1/19 07:00","-0.3","82.0","1.6","S","965.8","0.0","0.0","0","0.00"
"29/1/19 08:00","0.0","82.0","1.6","SSW","967.1","0.0","0.0","4","0.00"
"29/1/19 09:00","0.2","82.0","0.0","--","969.9","0.0","0.0","48","0.03"
"29/1/19 10:00","0.5","82.0","1.6","SW","971.9","0.0","0.0","109","0.05"
"29/1/19 11:00","1.1","82.0","3.2","W","973.4","0.0","0.0","130","0.05"
"29/1/19 12:00","1.3","81.0","3.2","NW","973.4","0.0","0.0","118","0.05"
"29/1/19 13:00","2.3","80.0","1.6","ESE","977.3","0.0","0.0","218","0.08"
"29/1/19 14:00","3.6","78.0","3.2","N","976.3","0.0","0.0","216","0.08"
"29/1/19 15:00","4.7","75.0","1.6","NNW","974.9","0.0","0.0","201","0.08"
"29/1/19 16:00","4.9","74.0","3.2","S","966.9","0.0","0.0","109","0.05"
"29/1/19 17:00","5.4","71.0","3.2","SSW","968.7","0.0","0.0","63","0.03"
"29/1/19 18:00","2.3","77.0","3.2","SE","958.6","0.0","0.0","2","0.00"
"29/1/19 19:00","1.4","74.0","4.8","ESE","957.8","0.0","0.0","0","0.03"
"29/1/19 20:00","1.7","72.0","3.2","SE","959.7","0.2","0.0","0","0.03"
"29/1/19 21:00","0.9","75.0","3.2","SE","959.4","0.0","0.0","0","0.03"
"29/1/19 22:00","-0.6","77.0","3.2","E","959.4","0.0","0.0","0","0.03"
"29/1/19 23:00","-0.4","77.0","3.2","E","961.0","0.0","0.0","0","0.03"
"30/1/19 00:00","-0.8","77.0","3.2","E","961.9","0.0","0.0","0","0.03"
"30/1/19 01:00","-1.7","78.0","1.6","ESE","962.2","0.0","0.0","0","0.00"
"30/1/19 02:00","-1.3","78.0","3.2","ESE","963.3","0.0","0.0","0","0.00"
"30/1/19 03:00","-1.5","77.0","3.2","NE","964.3","0.0","0.0","0","0.00"
"30/1/19 04:00","-1.1","78.0","1.6","SE","965.1","0.0","0.0","0","0.00"
"30/1/19 05:00","-2.0","79.0","3.2","E","964.5","0.0","0.0","0","0.00"
"30/1/19 06:00","-2.0","79.0","1.6","E","965.7","0.0","0.0","0","0.00"
"30/1/19 07:00","-1.8","80.0","1.6","SE","966.2","0.0","0.0","0","0.00"
"30/1/19 08:00","-1.4","81.0","1.6","NE","967.8","0.0","0.0","6","0.00"
"30/1/19 09:00","-1.2","80.0","1.6","S","969.9","0.0","0.0","50","0.03"
"30/1/19 10:00","0.1","79.0","1.6","SSW","971.4","0.0","0.0","186","0.08"
"30/1/19 11:00","1.6","76.0","1.6","WNW","969.4","0.0","0.0","248","0.10"
"30/1/19 12:00","2.8","76.0","1.6","SSW","966.9","0.0","0.0","186","0.08"
"30/1/19 13:00","6.2","57.0","9.7","SE","969.4","0.0","0.0","155","0.10"
"30/1/19 14:00","7.1","55.0","9.7","SSE","969.0","0.0","0.0","213","0.13"
"30/1/19 15:00","6.6","63.0","6.4","SE","963.3","0.0","0.0","90","0.08"
"30/1/19 16:00","5.6","69.0","8.0","WSW","962.5","0.0","0.0","156","0.10"
"30/1/19 17:00","4.7","73.0","4.8","SW","956.8","0.0","0.0","35","0.03"
"30/1/19 18:00","4.0","74.0","3.2","NE","955.4","0.0","0.0","1","0.00"
"30/1/19 19:00","3.9","73.0","4.8","NE","956.8","0.0","0.0","0","0.03"
"30/1/19 20:00","3.9","75.0","3.2","NE","958.6","0.0","0.0","0","0.03"
"30/1/19 21:00","3.7","73.0","6.4","S","958.6","0.4","0.0","0","0.03"
"30/1/19 22:00","2.8","77.0","3.2","WSW","959.2","0.0","0.0","0","0.03"
"30/1/19 23:00","2.9","76.0","4.8","ESE","959.9","0.0","0.0","0","0.03"
"31/1/19 00:00","2.3","77.0","3.2","SSE","960.1","0.0","0.0","0","0.03"
"31/1/19 01:00","2.7","76.0","3.2","SSE","961.9","0.0","0.0","0","0.03"
"31/1/19 02:00","2.4","78.0","0.0","--","962.5","0.4","0.0","0","0.00"
"31/1/19 03:00","2.1","78.0","1.6","E","962.9","0.2","0.8","0","0.03"
"31/1/19 04:00","2.2","78.0","1.6","N","964.3","0.0","0.0","0","0.03"
"31/1/19 05:00","2.4","75.0","3.2","SW","965.2","0.0","0.0","0","0.03"
"31/1/19 06:00","1.7","77.0","3.2","SW","963.3","0.0","0.0","0","0.03"
"31/1/19 07:00","0.9","77.0","1.6","SE","962.1","0.0","0.0","0","0.03"
"31/1/19 08:00","1.3","75.0","3.2","ENE","965.5","0.0","0.0","5","0.00"
"31/1/19 09:00","1.8","75.0","3.2","SE","969.5","0.0","0.0","34","0.03"
"31/1/19 10:00","3.0","71.0","3.2","SE","972.3","0.0","0.0","58","0.03"
"31/1/19 11:00","3.7","70.0","3.2","S","972.3","0.0","0.0","73","0.03"
"31/1/19 12:00","5.7","66.0","4.8","E","977.3","0.2","0.0","130","0.08"
"31/1/19 13:00","7.4","60.0","3.2","WSW","969.6","0.0","0.0","259","0.13"
"31/1/19 14:00","9.9","56.0","6.4","SSW","968.7","0.0","0.0","525","0.25"
"31/1/19 15:00","9.4","55.0","17.7","S","967.8","0.0","0.0","376","0.25"
"31/1/19 16:00","8.9","60.0","12.9","S","960.8","0.0","0.0","194","0.15"
"31/1/19 17:00","7.3","68.0","11.3","SSW","957.7","0.0","0.0","48","0.05"
"31/1/19 18:00","7.3","68.0","4.8","S","958.9","0.0","0.0","1","0.03"
"31/1/19 19:00","6.8","69.0","3.2","SW","959.9","0.0","0.0","0","0.03"
"31/1/19 20:00","7.0","69.0","6.4","ENE","962.8","0.0","0.0","0","0.03"
"31/1/19 21:00","8.4","60.0","4.8","SE","966.1","0.0","0.0","0","0.03"
"31/1/19 22:00","8.3","60.0","4.8","SSE","966.7","0.0","0.0","0","0.05"
"31/1/19 23:00","8.7","62.0","3.2","SE","968.2","0.0","0.0","0","0.03"
"1/2/19 00:00","6.9","72.0","3.2","WNW","966.0","0.0","0.0","0","0.03"
"1/2/19 01:00","7.3","72.0","4.8","NNE","967.2","0.0","0.0","0","0.03"
"1/2/19 02:00","8.1","73.0","3.2","NE","968.5","0.0","0.0","0","0.03"
"1/2/19 03:00","8.2","73.0","3.2","WSW","968.8","0.0","0.0","0","0.03"
"1/2/19 04:00","8.4","74.0","3.2","NE","968.9","0.0","0.0","0","0.03"
"1/2/19 05:00","9.2","73.0","3.2","NNE","970.3","0.0","0.0","0","0.03"
"1/2/19 06:00","10.1","71.0","3.2","N","971.5","0.0","0.0","0","0.03"
"1/2/19 07:00","10.6","71.0","3.2","NE","971.0","0.0","0.0","0","0.03"
"1/2/19 08:00","11.1","72.0","1.6","ENE","970.2","0.0","0.0","2","0.00"
"1/2/19 09:00","10.7","75.0","3.2","WNW","970.2","0.2","0.0","27","0.03"
"1/2/19 10:00","12.3","70.0","11.3","S","972.2","0.2","0.0","38","0.05"
"1/2/19 11:00","12.8","69.0","19.3","S","972.7","0.0","0.0","88","0.10"
"1/2/19 12:00","14.2","66.0","22.5","S","977.4","0.0","0.0","218","0.20"
"1/2/19 13:00","13.4","68.0","16.1","S","967.0","0.2","0.0","173","0.15"
"1/2/19 14:00","13.4","65.0","12.9","S","966.5","0.2","0.0","83","0.10"
"1/2/19 15:00","13.0","66.0","17.7","S","964.9","0.2","0.0","46","0.10"
"1/2/19 16:00","14.0","60.0","22.5","S","968.3","0.0","0.0","50","0.13"
"1/2/19 17:00","13.7","59.0","29.0","SSW","965.9","0.0","0.0","9","0.13"
"1/2/19 18:00","13.9","57.0","25.7","S","966.7","0.0","0.0","1","0.13"
"1/2/19 19:00","13.6","59.0","17.7","S","964.5","0.0","0.0","0","0.10"
"1/2/19 20:00","13.3","60.0","17.7","S","964.1","0.0","0.0","0","0.10"
"1/2/19 21:00","12.9","61.0","12.9","S","962.8","0.0","0.0","0","0.08"
"1/2/19 22:00","13.1","59.0","14.5","S","965.6","0.0","0.0","0","0.08"
"1/2/19 23:00","13.2","58.0","16.1","S","964.7","0.0","0.0","0","0.08"
"2/2/19 00:00","13.5","57.0","19.3","S","965.4","0.6","1.2","0","0.10"
"2/2/19 01:00","12.4","64.0","16.1","S","962.6","0.2","0.0","0","0.08"
"2/2/19 02:00","12.0","64.0","16.1","S","962.3","0.2","0.0","0","0.08"
"2/2/19 03:00","11.6","67.0","12.9","SSE","961.6","0.6","1.4","0","0.05"
"2/2/19 04:00","11.9","69.0","14.5","S","963.1","1.2","2.6","0","0.05"
"2/2/19 05:00","12.5","65.0","12.9","S","963.6","1.2","2.8","0","0.05"
"2/2/19 06:00","13.8","59.0","19.3","SSE","967.7","0.0","0.0","0","0.10"
"2/2/19 07:00","12.5","66.0","12.9","S","963.3","0.2","0.0","0","0.08"
"2/2/19 08:00","12.9","62.0","4.8","NNE","963.4","0.0","0.0","7","0.03"
"2/2/19 09:00","13.3","61.0","16.1","SSE","966.2","0.2","0.0","75","0.13"
"2/2/19 10:00","13.6","60.0","12.9","S","967.9","0.0","0.0","150","0.13"
"2/2/19 11:00","12.3","65.0","16.1","S","963.8","0.2","0.0","84","0.10"
"2/2/19 12:00","11.1","74.0","6.4","S","962.5","1.6","2.4","46","0.05"
"2/2/19 13:00","10.7","74.0","3.2","NE","962.1","1.8","3.2","45","0.03"
"2/2/19 14:00","10.2","76.0","3.2","NE","961.8","2.6","5.0","29","0.03"
"2/2/19 15:00","9.9","77.0","3.2","NNW","962.0","3.8","9.4","34","0.03"
"2/2/19 16:00","9.3","77.0","3.2","NNW","961.2","3.2","12.2","14","0.03"
"2/2/19 17:00","8.9","77.0","3.2","NNW","960.9","1.6","9.2","7","0.03"
"2/2/19 18:00","8.3","77.0","3.2","ENE","960.3","2.2","10.2","0","0.00"
"2/2/19 19:00","7.8","77.0","3.2","E","959.9","2.0","4.4","0","0.03"
"2/2/19 20:00","8.3","70.0","4.8","ESE","960.0","0.6","1.6","0","0.03"
"2/2/19 21:00","7.5","77.0","1.6","SE","960.2","1.2","3.6","0","0.03"
"2/2/19 22:00","7.3","78.0","1.6","WSW","961.2","3.8","10.2","0","0.03"
"2/2/19 23:00","6.6","78.0","1.6","E","960.9","1.6","5.2","0","0.03"
"3/2/19 00:00","6.2","77.0","3.2","E","960.9","1.0","2.0","0","0.03"
"3/2/19 01:00","5.9","78.0","3.2","E","961.8","1.4","4.0","0","0.03"
"3/2/19 02:00","5.9","79.0","1.6","E","962.6","3.0","7.2","0","0.03"
"3/2/19 03:00","5.4","78.0","1.6","ESE","962.6","1.2","7.2","0","0.03"
"3/2/19 04:00","5.6","78.0","3.2","SE","962.2","0.2","2.4","0","0.03"
"3/2/19 05:00","5.7","77.0","3.2","E","963.6","0.0","0.0","0","0.03"
"3/2/19 06:00","5.9","77.0","1.6","NE","964.3","0.0","0.0","0","0.03"
"3/2/19 07:00","6.1","75.0","1.6","ESE","965.7","0.4","1.2","0","0.03"
"3/2/19 08:00","5.7","78.0","1.6","NE","966.0","0.8","2.2","4","0.00"
"3/2/19 09:00","5.9","79.0","3.2","SSE","967.1","0.6","1.0","20","0.03"
"3/2/19 10:00","9.3","65.0","4.8","SW","967.7","0.2","0.8","355","0.18"
"3/2/19 11:00","9.6","61.0","4.8","SSE","969.6","0.0","0.0","260","0.15"
"3/2/19 12:00","10.6","59.0","12.9","S","968.8","0.0","0.0","476","0.28"
"3/2/19 13:00","9.6","63.0","12.9","SSE","961.0","0.0","0.0","235","0.18"
"3/2/19 14:00","9.3","62.0","9.7","SW","962.4","0.2","0.0","205","0.13"
"3/2/19 15:00","9.5","57.0","11.3","SSE","962.1","0.0","0.0","146","0.13"
"3/2/19 16:00","8.4","69.0","8.0","S","960.9","0.0","0.0","36","0.05"
"3/2/19 17:00","6.9","76.0","4.8","SSE","960.3","1.2","4.0","31","0.03"
